cai,coop_degree,order_degree,numsim,numrounds,R,S,T,P,tolerance,influence_type,interaction_type,dims,numagents,pr_defector,pr_cooperator,pr_neutral,max_positive_pressure,max_negative_pressure,adv_mutation_rate,move_mutation_rate,weight_of_present_for_adv,weight_of_present_for_move,adv_reassess_frequency,move_reassess_frequency,move_increment
0.4703683961950904,0.6014482217116933,0.2202755594488811,1,500000,0.0,0.0,0.0,0.0,0.05,local,local,"(5, 5)",25,0.5,0.5,0.0,6.0,6.0,0.2,0.15,0.3,0.2,0.03,0.1,0.15
0.49375014033648645,0.9657467077612777,0.224503550992898,2,500000,0.0,0.0,0.0,0.0,0.05,local,local,"(5, 5)",25,0.5,0.5,0.0,6.0,6.0,0.2,0.15,0.3,0.2,0.03,0.1,0.15
0.5179220743026061,1.3174277559757401,0.20786358427283147,3,500000,0.0,0.0,0.0,0.0,0.05,local,local,"(5, 5)",25,0.5,0.5,0.0,6.0,6.0,0.2,0.15,0.3,0.2,0.03,0.1,0.15
0.5170606510902424,1.1468937303776994,0.22565954868090266,4,500000,0.0,0.0,0.0,0.0,0.05,local,local,"(5, 5)",25,0.5,0.5,0.0,6.0,6.0,0.2,0.15,0.3,0.2,0.03,0.1,0.15
0.47961962826595234,0.9153383278871443,0.19225361549276904,5,500000,0.0,0.0,0.0,0.0,0.05,local,local,"(5, 5)",25,0.5,0.5,0.0,6.0,6.0,0.2,0.15,0.3,0.2,0.03,0.1,0.15
0.512954686548343,1.3153212718639178,0.23111953776092448,6,500000,0.0,0.0,0.0,0.0,0.05,local,local,"(5, 5)",25,0.5,0.5,0.0,6.0,6.0,0.2,0.15,0.3,0.2,0.03,0.1,0.15
0.5018272563290896,0.9514683415379391,0.22992154015691968,7,500000,0.0,0.0,0.0,0.0,0.05,local,local,"(5, 5)",25,0.5,0.5,0.0,6.0,6.0,0.2,0.15,0.3,0.2,0.03,0.1,0.15
0.504180275794518,1.2283324785987615,0.2259435481129038,8,500000,0.0,0.0,0.0,0.0,0.05,local,local,"(5, 5)",25,0.5,0.5,0.0,6.0,6.0,0.2,0.15,0.3,0.2,0.03,0.1,0.15
0.4855350772263436,0.8016114026926925,0.2052715894568211,9,500000,0.0,0.0,0.0,0.0,0.05,local,local,"(5, 5)",25,0.5,0.5,0.0,6.0,6.0,0.2,0.15,0.3,0.2,0.03,0.1,0.15
0.497216346314991,0.8935401789378643,0.23068953862092276,10,500000,0.0,0.0,0.0,0.0,0.05,local,local,"(5, 5)",25,0.5,0.5,0.0,6.0,6.0,0.2,0.15,0.3,0.2,0.03,0.1,0.15
0.5067548105722025,1.2373058223645204,0.1886716226567547,11,500000,0.0,0.0,0.0,0.0,0.05,local,local,"(5, 5)",25,0.5,0.5,0.0,6.0,6.0,0.2,0.15,0.3,0.2,0.03,0.1,0.15
0.5092682889914767,1.1630325079216055,0.18431163137673726,12,500000,0.0,0.0,0.0,0.0,0.05,local,local,"(5, 5)",25,0.5,0.5,0.0,6.0,6.0,0.2,0.15,0.3,0.2,0.03,0.1,0.15
0.49160912610631996,0.9264671983772071,0.1671476657046686,13,500000,0.0,0.0,0.0,0.0,0.05,local,local,"(5, 5)",25,0.5,0.5,0.0,6.0,6.0,0.2,0.15,0.3,0.2,0.03,0.1,0.15
0.4828478811740816,0.7519983440017833,0.22005755988488024,14,500000,0.0,0.0,0.0,0.0,0.05,local,local,"(5, 5)",25,0.5,0.5,0.0,6.0,6.0,0.2,0.15,0.3,0.2,0.03,0.1,0.15
0.4682552831486043,0.6492598559226724,0.21703556592886813,15,500000,0.0,0.0,0.0,0.0,0.05,local,local,"(5, 5)",25,0.5,0.5,0.0,6.0,6.0,0.2,0.15,0.3,0.2,0.03,0.1,0.15
0.5118342657720842,1.1961719333714234,0.1998776002447995,16,500000,0.0,0.0,0.0,0.0,0.05,local,local,"(5, 5)",25,0.5,0.5,0.0,6.0,6.0,0.2,0.15,0.3,0.2,0.03,0.1,0.15
0.4992565899285457,0.8958159990490906,0.19139361721276557,17,500000,0.0,0.0,0.0,0.0,0.05,local,local,"(5, 5)",25,0.5,0.5,0.0,6.0,6.0,0.2,0.15,0.3,0.2,0.03,0.1,0.15
0.49003850188751324,0.8297227356746766,0.1979756040487919,18,500000,0.0,0.0,0.0,0.0,0.05,local,local,"(5, 5)",25,0.5,0.5,0.0,6.0,6.0,0.2,0.15,0.3,0.2,0.03,0.1,0.15
0.4858846207500239,0.8323313181384288,0.21882756234487533,19,500000,0.0,0.0,0.0,0.0,0.05,local,local,"(5, 5)",25,0.5,0.5,0.0,6.0,6.0,0.2,0.15,0.3,0.2,0.03,0.1,0.15
0.4867588252741062,0.8448218272594624,0.20987758024483952,20,500000,0.0,0.0,0.0,0.0,0.05,local,local,"(5, 5)",25,0.5,0.5,0.0,6.0,6.0,0.2,0.15,0.3,0.2,0.03,0.1,0.15
0.48801165941830854,0.8204943080694449,0.21684956630086738,21,500000,0.0,0.0,0.0,0.0,0.05,local,local,"(5, 5)",25,0.5,0.5,0.0,6.0,6.0,0.2,0.15,0.3,0.2,0.03,0.1,0.15
0.5206532653692534,1.4272077028885835,0.17645764708470585,22,500000,0.0,0.0,0.0,0.0,0.05,local,local,"(5, 5)",25,0.5,0.5,0.0,6.0,6.0,0.2,0.15,0.3,0.2,0.03,0.1,0.15
0.47877491509327497,0.6373635006677665,0.2084195831608337,23,500000,0.0,0.0,0.0,0.0,0.05,local,local,"(5, 5)",25,0.5,0.5,0.0,6.0,6.0,0.2,0.15,0.3,0.2,0.03,0.1,0.15
0.49033430279130646,0.7848565928149575,0.2188015623968752,24,500000,0.0,0.0,0.0,0.0,0.05,local,local,"(5, 5)",25,0.5,0.5,0.0,6.0,6.0,0.2,0.15,0.3,0.2,0.03,0.1,0.15
0.5030710071816367,0.979222224353932,0.20632558734882528,25,500000,0.0,0.0,0.0,0.0,0.05,local,local,"(5, 5)",25,0.5,0.5,0.0,6.0,6.0,0.2,0.15,0.3,0.2,0.03,0.1,0.15
0.5170476781174387,1.3570141183538602,0.18831562336875327,26,500000,0.0,0.0,0.0,0.0,0.05,local,local,"(5, 5)",25,0.5,0.5,0.0,6.0,6.0,0.2,0.15,0.3,0.2,0.03,0.1,0.15
0.5105860870046622,1.1180686159998416,0.21397957204085594,27,500000,0.0,0.0,0.0,0.0,0.05,local,local,"(5, 5)",25,0.5,0.5,0.0,6.0,6.0,0.2,0.15,0.3,0.2,0.03,0.1,0.15
0.49159893958821743,0.8805603977015947,0.2330235339529321,28,500000,0.0,0.0,0.0,0.0,0.05,local,local,"(5, 5)",25,0.5,0.5,0.0,6.0,6.0,0.2,0.15,0.3,0.2,0.03,0.1,0.15
0.49292766613546135,0.8514081168990373,0.22654154691690614,29,500000,0.0,0.0,0.0,0.0,0.05,local,local,"(5, 5)",25,0.5,0.5,0.0,6.0,6.0,0.2,0.15,0.3,0.2,0.03,0.1,0.15
0.49219700728379684,0.8992311558724426,0.20404159191681617,30,500000,0.0,0.0,0.0,0.0,0.05,local,local,"(5, 5)",25,0.5,0.5,0.0,6.0,6.0,0.2,0.15,0.3,0.2,0.03,0.1,0.15
0.49048844257443436,0.9786268679769857,0.20496159007681986,31,500000,0.0,0.0,0.0,0.0,0.05,local,local,"(5, 5)",25,0.5,0.5,0.0,6.0,6.0,0.2,0.15,0.3,0.2,0.03,0.1,0.15
0.49980456461093764,0.8411622181406072,0.18845362309275382,32,500000,0.0,0.0,0.0,0.0,0.05,local,local,"(5, 5)",25,0.5,0.5,0.0,6.0,6.0,0.2,0.15,0.3,0.2,0.03,0.1,0.15
0.48736218093736483,0.8002207702031442,0.2022255955488089,33,500000,0.0,0.0,0.0,0.0,0.05,local,local,"(5, 5)",25,0.5,0.5,0.0,6.0,6.0,0.2,0.15,0.3,0.2,0.03,0.1,0.15
0.4884450829316354,0.839397032268195,0.23428353143293712,34,500000,0.0,0.0,0.0,0.0,0.05,local,local,"(5, 5)",25,0.5,0.5,0.0,6.0,6.0,0.2,0.15,0.3,0.2,0.03,0.1,0.15
0.46663622993903536,0.6263566158132815,0.18911562176875646,35,500000,0.0,0.0,0.0,0.0,0.05,local,local,"(5, 5)",25,0.5,0.5,0.0,6.0,6.0,0.2,0.15,0.3,0.2,0.03,0.1,0.15
0.47165186128381104,0.6405025689213562,0.21648356703286592,36,500000,0.0,0.0,0.0,0.0,0.05,local,local,"(5, 5)",25,0.5,0.5,0.0,6.0,6.0,0.2,0.15,0.3,0.2,0.03,0.1,0.15
0.49653424406174856,0.8819822994175803,0.1815996368007264,37,500000,0.0,0.0,0.0,0.0,0.05,local,local,"(5, 5)",25,0.5,0.5,0.0,6.0,6.0,0.2,0.15,0.3,0.2,0.03,0.1,0.15
0.4818972552999453,0.7115759941449135,0.224503550992898,38,500000,0.0,0.0,0.0,0.0,0.05,local,local,"(5, 5)",25,0.5,0.5,0.0,6.0,6.0,0.2,0.15,0.3,0.2,0.03,0.1,0.15
0.48857703498028743,0.8057187045458729,0.19614760770478457,39,500000,0.0,0.0,0.0,0.0,0.05,local,local,"(5, 5)",25,0.5,0.5,0.0,6.0,6.0,0.2,0.15,0.3,0.2,0.03,0.1,0.15
0.5041071067709177,1.2054978531507112,0.18388963222073557,40,500000,0.0,0.0,0.0,0.0,0.05,local,local,"(5, 5)",25,0.5,0.5,0.0,6.0,6.0,0.2,0.15,0.3,0.2,0.03,0.1,0.15
0.4899485040080339,0.8641661108575841,0.21241757516484966,41,500000,0.0,0.0,0.0,0.0,0.05,local,local,"(5, 5)",25,0.5,0.5,0.0,6.0,6.0,0.2,0.15,0.3,0.2,0.03,0.1,0.15
0.4756897463882272,0.6560407769665243,0.24042351915296167,42,500000,0.0,0.0,0.0,0.0,0.05,local,local,"(5, 5)",25,0.5,0.5,0.0,6.0,6.0,0.2,0.15,0.3,0.2,0.03,0.1,0.15
0.47297576392365287,0.8033108108108108,0.21351157297685405,43,500000,0.0,0.0,0.0,0.0,0.05,local,local,"(5, 5)",25,0.5,0.5,0.0,6.0,6.0,0.2,0.15,0.3,0.2,0.03,0.1,0.15
0.519682264399087,1.41227690175013,0.22273955452089098,44,500000,0.0,0.0,0.0,0.0,0.05,local,local,"(5, 5)",25,0.5,0.5,0.0,6.0,6.0,0.2,0.15,0.3,0.2,0.03,0.1,0.15
0.4780762138162446,0.6963180639585134,0.19626360747278504,45,500000,0.0,0.0,0.0,0.0,0.05,local,local,"(5, 5)",25,0.5,0.5,0.0,6.0,6.0,0.2,0.15,0.3,0.2,0.03,0.1,0.15
0.4945461424692642,0.828746523510769,0.22619354761290478,46,500000,0.0,0.0,0.0,0.0,0.05,local,local,"(5, 5)",25,0.5,0.5,0.0,6.0,6.0,0.2,0.15,0.3,0.2,0.03,0.1,0.15
0.492960942062122,0.8747974289408038,0.2059235881528237,47,500000,0.0,0.0,0.0,0.0,0.05,local,local,"(5, 5)",25,0.5,0.5,0.0,6.0,6.0,0.2,0.15,0.3,0.2,0.03,0.1,0.15
0.4818582535422343,0.7186341979883536,0.1818036363927272,48,500000,0.0,0.0,0.0,0.0,0.05,local,local,"(5, 5)",25,0.5,0.5,0.0,6.0,6.0,0.2,0.15,0.3,0.2,0.03,0.1,0.15
0.4847617874107633,0.832970156324017,0.19346961306077387,49,500000,0.0,0.0,0.0,0.0,0.05,local,local,"(5, 5)",25,0.5,0.5,0.0,6.0,6.0,0.2,0.15,0.3,0.2,0.03,0.1,0.15
0.5059300615503323,0.9956785524215008,0.18749362501274996,50,500000,0.0,0.0,0.0,0.0,0.05,local,local,"(5, 5)",25,0.5,0.5,0.0,6.0,6.0,0.2,0.15,0.3,0.2,0.03,0.1,0.15
0.6777601438074726,8.863739335807587,0.40928518142963716,1,500000,3.0,0.0,0.0,1.0,0.05,local,local,"(5, 5)",25,0.5,0.5,0.0,6.0,6.0,0.2,0.15,0.3,0.2,0.03,0.1,0.15
0.6950147777755505,8.274349065073975,0.4751610496779006,2,500000,3.0,0.0,0.0,1.0,0.05,local,local,"(5, 5)",25,0.5,0.5,0.0,6.0,6.0,0.2,0.15,0.3,0.2,0.03,0.1,0.15
0.7085732447802953,12.678602773389503,0.4675610648778702,3,500000,3.0,0.0,0.0,1.0,0.05,local,local,"(5, 5)",25,0.5,0.5,0.0,6.0,6.0,0.2,0.15,0.3,0.2,0.03,0.1,0.15
0.6943339314314951,9.51486908479462,0.43773312453375096,4,500000,3.0,0.0,0.0,1.0,0.05,local,local,"(5, 5)",25,0.5,0.5,0.0,6.0,6.0,0.2,0.15,0.3,0.2,0.03,0.1,0.15
0.7086817162616197,20.27906542056075,0.4553710892578215,5,500000,3.0,0.0,0.0,1.0,0.05,local,local,"(5, 5)",25,0.5,0.5,0.0,6.0,6.0,0.2,0.15,0.3,0.2,0.03,0.1,0.15
0.7259941679620716,22.28699808795411,0.48716302567394865,6,500000,3.0,0.0,0.0,1.0,0.05,local,local,"(5, 5)",25,0.5,0.5,0.0,6.0,6.0,0.2,0.15,0.3,0.2,0.03,0.1,0.15
0.6882163375535958,11.482229638737632,0.42636714726570546,7,500000,3.0,0.0,0.0,1.0,0.05,local,local,"(5, 5)",25,0.5,0.5,0.0,6.0,6.0,0.2,0.15,0.3,0.2,0.03,0.1,0.15
0.7239027148612138,17.79087573775722,0.4711990576018848,8,500000,3.0,0.0,0.0,1.0,0.05,local,local,"(5, 5)",25,0.5,0.5,0.0,6.0,6.0,0.2,0.15,0.3,0.2,0.03,0.1,0.15
0.7201166484176968,14.761819084253629,0.5080969838060324,9,500000,3.0,0.0,0.0,1.0,0.05,local,local,"(5, 5)",25,0.5,0.5,0.0,6.0,6.0,0.2,0.15,0.3,0.2,0.03,0.1,0.15
0.7182638352423423,25.114963297571993,0.46249507500985,10,500000,3.0,0.0,0.0,1.0,0.05,local,local,"(5, 5)",25,0.5,0.5,0.0,6.0,6.0,0.2,0.15,0.3,0.2,0.03,0.1,0.15
0.6807844403344171,6.9304306512369775,0.4673710652578695,11,500000,3.0,0.0,0.0,1.0,0.05,local,local,"(5, 5)",25,0.5,0.5,0.0,6.0,6.0,0.2,0.15,0.3,0.2,0.03,0.1,0.15
0.6918715238299722,9.789616575375089,0.4530550938898122,12,500000,3.0,0.0,0.0,1.0,0.05,local,local,"(5, 5)",25,0.5,0.5,0.0,6.0,6.0,0.2,0.15,0.3,0.2,0.03,0.1,0.15
0.7011261127993746,9.15446611266547,0.48633702732594536,13,500000,3.0,0.0,0.0,1.0,0.05,local,local,"(5, 5)",25,0.5,0.5,0.0,6.0,6.0,0.2,0.15,0.3,0.2,0.03,0.1,0.15
0.7172796712246979,14.592557251908397,0.4902290195419609,14,500000,3.0,0.0,0.0,1.0,0.05,local,local,"(5, 5)",25,0.5,0.5,0.0,6.0,6.0,0.2,0.15,0.3,0.2,0.03,0.1,0.15
0.7066503160336335,13.027814722720176,0.48516502966994063,15,500000,3.0,0.0,0.0,1.0,0.05,local,local,"(5, 5)",25,0.5,0.5,0.0,6.0,6.0,0.2,0.15,0.3,0.2,0.03,0.1,0.15
0.6813671189439935,7.596943040242009,0.43196113607772785,16,500000,3.0,0.0,0.0,1.0,0.05,local,local,"(5, 5)",25,0.5,0.5,0.0,6.0,6.0,0.2,0.15,0.3,0.2,0.03,0.1,0.15
0.6933189739891261,10.160710769836582,0.4534810930378139,17,500000,3.0,0.0,0.0,1.0,0.05,local,local,"(5, 5)",25,0.5,0.5,0.0,6.0,6.0,0.2,0.15,0.3,0.2,0.03,0.1,0.15
0.7193982447293504,19.900588846553518,0.4827190345619309,18,500000,3.0,0.0,0.0,1.0,0.05,local,local,"(5, 5)",25,0.5,0.5,0.0,6.0,6.0,0.2,0.15,0.3,0.2,0.03,0.1,0.15
0.7086058066898797,13.854578563995839,0.45680708638582723,19,500000,3.0,0.0,0.0,1.0,0.05,local,local,"(5, 5)",25,0.5,0.5,0.0,6.0,6.0,0.2,0.15,0.3,0.2,0.03,0.1,0.15
0.684343605371619,8.625349327142182,0.447751104497791,20,500000,3.0,0.0,0.0,1.0,0.05,local,local,"(5, 5)",25,0.5,0.5,0.0,6.0,6.0,0.2,0.15,0.3,0.2,0.03,0.1,0.15
0.7066940251892085,17.32683418774687,0.4361411277177446,21,500000,3.0,0.0,0.0,1.0,0.05,local,local,"(5, 5)",25,0.5,0.5,0.0,6.0,6.0,0.2,0.15,0.3,0.2,0.03,0.1,0.15
0.7099309145962343,16.08490918603782,0.4571570856858286,22,500000,3.0,0.0,0.0,1.0,0.05,local,local,"(5, 5)",25,0.5,0.5,0.0,6.0,6.0,0.2,0.15,0.3,0.2,0.03,0.1,0.15
0.7094831930421733,11.50664764912638,0.4910350179299641,23,500000,3.0,0.0,0.0,1.0,0.05,local,local,"(5, 5)",25,0.5,0.5,0.0,6.0,6.0,0.2,0.15,0.3,0.2,0.03,0.1,0.15
0.709612945214306,16.015585901193965,0.47599304801390396,24,500000,3.0,0.0,0.0,1.0,0.05,local,local,"(5, 5)",25,0.5,0.5,0.0,6.0,6.0,0.2,0.15,0.3,0.2,0.03,0.1,0.15
0.6838386817652383,8.262177535651338,0.46244107511784976,25,500000,3.0,0.0,0.0,1.0,0.05,local,local,"(5, 5)",25,0.5,0.5,0.0,6.0,6.0,0.2,0.15,0.3,0.2,0.03,0.1,0.15
0.6837166006522541,8.140085541690551,0.4145751708496583,26,500000,3.0,0.0,0.0,1.0,0.05,local,local,"(5, 5)",25,0.5,0.5,0.0,6.0,6.0,0.2,0.15,0.3,0.2,0.03,0.1,0.15
0.6924097881628252,13.787612563145181,0.4039671920656159,27,500000,3.0,0.0,0.0,1.0,0.05,local,local,"(5, 5)",25,0.5,0.5,0.0,6.0,6.0,0.2,0.15,0.3,0.2,0.03,0.1,0.15
0.713325893781735,15.021683253147037,0.4861930276139448,28,500000,3.0,0.0,0.0,1.0,0.05,local,local,"(5, 5)",25,0.5,0.5,0.0,6.0,6.0,0.2,0.15,0.3,0.2,0.03,0.1,0.15
0.7109542439188228,15.625609926111808,0.47702104595790806,29,500000,3.0,0.0,0.0,1.0,0.05,local,local,"(5, 5)",25,0.5,0.5,0.0,6.0,6.0,0.2,0.15,0.3,0.2,0.03,0.1,0.15
0.7187091621492327,14.33914471606342,0.4856670286659427,30,500000,3.0,0.0,0.0,1.0,0.05,local,local,"(5, 5)",25,0.5,0.5,0.0,6.0,6.0,0.2,0.15,0.3,0.2,0.03,0.1,0.15
0.7095923655599097,13.865730719277629,0.4807270385459229,31,500000,3.0,0.0,0.0,1.0,0.05,local,local,"(5, 5)",25,0.5,0.5,0.0,6.0,6.0,0.2,0.15,0.3,0.2,0.03,0.1,0.15
0.6954020022996853,9.301726830574271,0.46174307651384694,32,500000,3.0,0.0,0.0,1.0,0.05,local,local,"(5, 5)",25,0.5,0.5,0.0,6.0,6.0,0.2,0.15,0.3,0.2,0.03,0.1,0.15
0.6934797348795727,8.87274065592541,0.4828550342899314,33,500000,3.0,0.0,0.0,1.0,0.05,local,local,"(5, 5)",25,0.5,0.5,0.0,6.0,6.0,0.2,0.15,0.3,0.2,0.03,0.1,0.15
0.7169384269204196,12.530897805847443,0.4970430059139882,34,500000,3.0,0.0,0.0,1.0,0.05,local,local,"(5, 5)",25,0.5,0.5,0.0,6.0,6.0,0.2,0.15,0.3,0.2,0.03,0.1,0.15
0.6967606079963504,10.84927490707293,0.4526650946698107,35,500000,3.0,0.0,0.0,1.0,0.05,local,local,"(5, 5)",25,0.5,0.5,0.0,6.0,6.0,0.2,0.15,0.3,0.2,0.03,0.1,0.15
0.7171520776128323,14.043524884879835,0.4769690460619079,36,500000,3.0,0.0,0.0,1.0,0.05,local,local,"(5, 5)",25,0.5,0.5,0.0,6.0,6.0,0.2,0.15,0.3,0.2,0.03,0.1,0.15
0.6960866891085771,9.401535907015358,0.5011449977100045,37,500000,3.0,0.0,0.0,1.0,0.05,local,local,"(5, 5)",25,0.5,0.5,0.0,6.0,6.0,0.2,0.15,0.3,0.2,0.03,0.1,0.15
0.6583858905588059,6.20397503730837,0.4248031503936992,38,500000,3.0,0.0,0.0,1.0,0.05,local,local,"(5, 5)",25,0.5,0.5,0.0,6.0,6.0,0.2,0.15,0.3,0.2,0.03,0.1,0.15
0.7165570788166834,11.715952702001866,0.4903770192459615,39,500000,3.0,0.0,0.0,1.0,0.05,local,local,"(5, 5)",25,0.5,0.5,0.0,6.0,6.0,0.2,0.15,0.3,0.2,0.03,0.1,0.15
0.6950351046949896,10.993878285920058,0.4662970674058652,40,500000,3.0,0.0,0.0,1.0,0.05,local,local,"(5, 5)",25,0.5,0.5,0.0,6.0,6.0,0.2,0.15,0.3,0.2,0.03,0.1,0.15
0.7113747548348718,15.281983589011775,0.45638308723382554,41,500000,3.0,0.0,0.0,1.0,0.05,local,local,"(5, 5)",25,0.5,0.5,0.0,6.0,6.0,0.2,0.15,0.3,0.2,0.03,0.1,0.15
0.7136999002562258,16.377316735822962,0.5025509948980103,42,500000,3.0,0.0,0.0,1.0,0.05,local,local,"(5, 5)",25,0.5,0.5,0.0,6.0,6.0,0.2,0.15,0.3,0.2,0.03,0.1,0.15
0.6805437442134475,8.50882667236589,0.4449171101657797,43,500000,3.0,0.0,0.0,1.0,0.05,local,local,"(5, 5)",25,0.5,0.5,0.0,6.0,6.0,0.2,0.15,0.3,0.2,0.03,0.1,0.15
0.7021499946227612,15.53170584233996,0.4374611250777498,44,500000,3.0,0.0,0.0,1.0,0.05,local,local,"(5, 5)",25,0.5,0.5,0.0,6.0,6.0,0.2,0.15,0.3,0.2,0.03,0.1,0.15
0.694457927034366,12.267345102889914,0.4719450561098878,45,500000,3.0,0.0,0.0,1.0,0.05,local,local,"(5, 5)",25,0.5,0.5,0.0,6.0,6.0,0.2,0.15,0.3,0.2,0.03,0.1,0.15
0.6992661287252456,9.342370255615801,0.48067103865792266,46,500000,3.0,0.0,0.0,1.0,0.05,local,local,"(5, 5)",25,0.5,0.5,0.0,6.0,6.0,0.2,0.15,0.3,0.2,0.03,0.1,0.15
0.6637345270739591,8.317844609302119,0.41950716098567803,47,500000,3.0,0.0,0.0,1.0,0.05,local,local,"(5, 5)",25,0.5,0.5,0.0,6.0,6.0,0.2,0.15,0.3,0.2,0.03,0.1,0.15
0.7020554167451415,8.524286872558413,0.5168629662740675,48,500000,3.0,0.0,0.0,1.0,0.05,local,local,"(5, 5)",25,0.5,0.5,0.0,6.0,6.0,0.2,0.15,0.3,0.2,0.03,0.1,0.15
0.6439345051374876,4.8236418850523,0.41422317155365684,49,500000,3.0,0.0,0.0,1.0,0.05,local,local,"(5, 5)",25,0.5,0.5,0.0,6.0,6.0,0.2,0.15,0.3,0.2,0.03,0.1,0.15
0.7235426758777433,22.4770275669197,0.47010305979388045,50,500000,3.0,0.0,0.0,1.0,0.05,local,local,"(5, 5)",25,0.5,0.5,0.0,6.0,6.0,0.2,0.15,0.3,0.2,0.03,0.1,0.15
0.4789130050129956,0.8267678509830976,0.26478947042105916,1,500000,1.0,0.0,0.0,1.0,0.05,local,local,"(5, 5)",25,0.5,0.5,0.0,6.0,6.0,0.2,0.15,0.3,0.2,0.03,0.1,0.15
0.48316693835187485,0.8278928766414758,0.2544494911010178,2,500000,1.0,0.0,0.0,1.0,0.05,local,local,"(5, 5)",25,0.5,0.5,0.0,6.0,6.0,0.2,0.15,0.3,0.2,0.03,0.1,0.15
0.5580482083548182,2.1427374732711684,0.2851274297451405,3,500000,1.0,0.0,0.0,1.0,0.05,local,local,"(5, 5)",25,0.5,0.5,0.0,6.0,6.0,0.2,0.15,0.3,0.2,0.03,0.1,0.15
0.5043608409206842,1.0457207997193967,0.23329353341293319,4,500000,1.0,0.0,0.0,1.0,0.05,local,local,"(5, 5)",25,0.5,0.5,0.0,6.0,6.0,0.2,0.15,0.3,0.2,0.03,0.1,0.15
0.49863649634841495,1.0481912559907223,0.2931734136531727,5,500000,1.0,0.0,0.0,1.0,0.05,local,local,"(5, 5)",25,0.5,0.5,0.0,6.0,6.0,0.2,0.15,0.3,0.2,0.03,0.1,0.15
0.5038520584087226,1.104215750950272,0.26793346413307173,6,500000,1.0,0.0,0.0,1.0,0.05,local,local,"(5, 5)",25,0.5,0.5,0.0,6.0,6.0,0.2,0.15,0.3,0.2,0.03,0.1,0.15
0.5102733851779244,1.117365089439313,0.2535454929090142,7,500000,1.0,0.0,0.0,1.0,0.05,local,local,"(5, 5)",25,0.5,0.5,0.0,6.0,6.0,0.2,0.15,0.3,0.2,0.03,0.1,0.15
0.5250162411245569,1.683814158266713,0.27796744406511187,8,500000,1.0,0.0,0.0,1.0,0.05,local,local,"(5, 5)",25,0.5,0.5,0.0,6.0,6.0,0.2,0.15,0.3,0.2,0.03,0.1,0.15
0.4976219632069847,0.9800532668442228,0.27953544092911814,9,500000,1.0,0.0,0.0,1.0,0.05,local,local,"(5, 5)",25,0.5,0.5,0.0,6.0,6.0,0.2,0.15,0.3,0.2,0.03,0.1,0.15
0.5037763388891714,1.1363403768587081,0.28389343221313557,10,500000,1.0,0.0,0.0,1.0,0.05,local,local,"(5, 5)",25,0.5,0.5,0.0,6.0,6.0,0.2,0.15,0.3,0.2,0.03,0.1,0.15
0.4733345738995876,0.7007864575840407,0.28373143253713495,11,500000,1.0,0.0,0.0,1.0,0.05,local,local,"(5, 5)",25,0.5,0.5,0.0,6.0,6.0,0.2,0.15,0.3,0.2,0.03,0.1,0.15
0.5299004034337079,1.4824952837033814,0.27370945258109486,12,500000,1.0,0.0,0.0,1.0,0.05,local,local,"(5, 5)",25,0.5,0.5,0.0,6.0,6.0,0.2,0.15,0.3,0.2,0.03,0.1,0.15
0.520411355398632,1.6758117830060277,0.2752334495331009,13,500000,1.0,0.0,0.0,1.0,0.05,local,local,"(5, 5)",25,0.5,0.5,0.0,6.0,6.0,0.2,0.15,0.3,0.2,0.03,0.1,0.15
0.4721386223761452,0.6360387123726413,0.28196743606512786,14,500000,1.0,0.0,0.0,1.0,0.05,local,local,"(5, 5)",25,0.5,0.5,0.0,6.0,6.0,0.2,0.15,0.3,0.2,0.03,0.1,0.15
0.5457208599097272,1.549469790867418,0.25917348165303666,15,500000,1.0,0.0,0.0,1.0,0.05,local,local,"(5, 5)",25,0.5,0.5,0.0,6.0,6.0,0.2,0.15,0.3,0.2,0.03,0.1,0.15
0.4983446614617943,1.10555985409528,0.22858754282491434,16,500000,1.0,0.0,0.0,1.0,0.05,local,local,"(5, 5)",25,0.5,0.5,0.0,6.0,6.0,0.2,0.15,0.3,0.2,0.03,0.1,0.15
0.5135098264200664,1.2005688636060619,0.29708940582118837,17,500000,1.0,0.0,0.0,1.0,0.05,local,local,"(5, 5)",25,0.5,0.5,0.0,6.0,6.0,0.2,0.15,0.3,0.2,0.03,0.1,0.15
0.47764407325854874,0.7276171139942558,0.2790994418011164,18,500000,1.0,0.0,0.0,1.0,0.05,local,local,"(5, 5)",25,0.5,0.5,0.0,6.0,6.0,0.2,0.15,0.3,0.2,0.03,0.1,0.15
0.4854030116340632,0.8802104561117493,0.30446939106121784,19,500000,1.0,0.0,0.0,1.0,0.05,local,local,"(5, 5)",25,0.5,0.5,0.0,6.0,6.0,0.2,0.15,0.3,0.2,0.03,0.1,0.15
0.47704115505341443,0.7095117465385016,0.2955774088451823,20,500000,1.0,0.0,0.0,1.0,0.05,local,local,"(5, 5)",25,0.5,0.5,0.0,6.0,6.0,0.2,0.15,0.3,0.2,0.03,0.1,0.15
0.484188904716024,0.8337555546326675,0.2649294701410597,21,500000,1.0,0.0,0.0,1.0,0.05,local,local,"(5, 5)",25,0.5,0.5,0.0,6.0,6.0,0.2,0.15,0.3,0.2,0.03,0.1,0.15
0.47698732823582346,0.7439516613410855,0.2903534192931614,22,500000,1.0,0.0,0.0,1.0,0.05,local,local,"(5, 5)",25,0.5,0.5,0.0,6.0,6.0,0.2,0.15,0.3,0.2,0.03,0.1,0.15
0.5468123308173265,1.7387315161232852,0.30744938510122977,23,500000,1.0,0.0,0.0,1.0,0.05,local,local,"(5, 5)",25,0.5,0.5,0.0,6.0,6.0,0.2,0.15,0.3,0.2,0.03,0.1,0.15
0.5064527780649851,1.0868596206619465,0.27528544942910116,24,500000,1.0,0.0,0.0,1.0,0.05,local,local,"(5, 5)",25,0.5,0.5,0.0,6.0,6.0,0.2,0.15,0.3,0.2,0.03,0.1,0.15
0.5630980783443489,2.0737265415549597,0.2614014771970456,25,500000,1.0,0.0,0.0,1.0,0.05,local,local,"(5, 5)",25,0.5,0.5,0.0,6.0,6.0,0.2,0.15,0.3,0.2,0.03,0.1,0.15
0.49863816408872996,0.9640557502648951,0.2891634216731567,26,500000,1.0,0.0,0.0,1.0,0.05,local,local,"(5, 5)",25,0.5,0.5,0.0,6.0,6.0,0.2,0.15,0.3,0.2,0.03,0.1,0.15
0.5364670648477555,1.6683729433272396,0.23353553292893414,27,500000,1.0,0.0,0.0,1.0,0.05,local,local,"(5, 5)",25,0.5,0.5,0.0,6.0,6.0,0.2,0.15,0.3,0.2,0.03,0.1,0.15
0.4610976393922703,0.6060625269403382,0.2533654932690135,28,500000,1.0,0.0,0.0,1.0,0.05,local,local,"(5, 5)",25,0.5,0.5,0.0,6.0,6.0,0.2,0.15,0.3,0.2,0.03,0.1,0.15
0.48664393220911434,0.8077108603833075,0.3072993854012292,29,500000,1.0,0.0,0.0,1.0,0.05,local,local,"(5, 5)",25,0.5,0.5,0.0,6.0,6.0,0.2,0.15,0.3,0.2,0.03,0.1,0.15
0.49504550591128044,0.9328474097287315,0.2763154473691053,30,500000,1.0,0.0,0.0,1.0,0.05,local,local,"(5, 5)",25,0.5,0.5,0.0,6.0,6.0,0.2,0.15,0.3,0.2,0.03,0.1,0.15
0.5187852202666174,1.2333244123990492,0.2837254325491349,31,500000,1.0,0.0,0.0,1.0,0.05,local,local,"(5, 5)",25,0.5,0.5,0.0,6.0,6.0,0.2,0.15,0.3,0.2,0.03,0.1,0.15
0.508750611731923,1.0155542753682825,0.24490951018097962,32,500000,1.0,0.0,0.0,1.0,0.05,local,local,"(5, 5)",25,0.5,0.5,0.0,6.0,6.0,0.2,0.15,0.3,0.2,0.03,0.1,0.15
0.488600060589753,0.8365326777728378,0.28089343821312357,33,500000,1.0,0.0,0.0,1.0,0.05,local,local,"(5, 5)",25,0.5,0.5,0.0,6.0,6.0,0.2,0.15,0.3,0.2,0.03,0.1,0.15
0.5264416064620079,1.2884434583129631,0.24340751318497364,34,500000,1.0,0.0,0.0,1.0,0.05,local,local,"(5, 5)",25,0.5,0.5,0.0,6.0,6.0,0.2,0.15,0.3,0.2,0.03,0.1,0.15
0.5281679383006009,1.5519881702351774,0.25196749606500785,35,500000,1.0,0.0,0.0,1.0,0.05,local,local,"(5, 5)",25,0.5,0.5,0.0,6.0,6.0,0.2,0.15,0.3,0.2,0.03,0.1,0.15
0.5146130609677712,0.9882897990506777,0.27981544036911926,36,500000,1.0,0.0,0.0,1.0,0.05,local,local,"(5, 5)",25,0.5,0.5,0.0,6.0,6.0,0.2,0.15,0.3,0.2,0.03,0.1,0.15
0.4838947725626666,0.8305749682337992,0.23050553898892204,37,500000,1.0,0.0,0.0,1.0,0.05,local,local,"(5, 5)",25,0.5,0.5,0.0,6.0,6.0,0.2,0.15,0.3,0.2,0.03,0.1,0.15
0.49081469975048,0.9384526336098785,0.28131543736912523,38,500000,1.0,0.0,0.0,1.0,0.05,local,local,"(5, 5)",25,0.5,0.5,0.0,6.0,6.0,0.2,0.15,0.3,0.2,0.03,0.1,0.15
0.4680937212826524,0.6578488777359542,0.2854014291971416,39,500000,1.0,0.0,0.0,1.0,0.05,local,local,"(5, 5)",25,0.5,0.5,0.0,6.0,6.0,0.2,0.15,0.3,0.2,0.03,0.1,0.15
0.4754840867342515,0.6867073580338426,0.29126341747316503,40,500000,1.0,0.0,0.0,1.0,0.05,local,local,"(5, 5)",25,0.5,0.5,0.0,6.0,6.0,0.2,0.15,0.3,0.2,0.03,0.1,0.15
0.5071686842569846,1.1382495457298607,0.28241943516112966,41,500000,1.0,0.0,0.0,1.0,0.05,local,local,"(5, 5)",25,0.5,0.5,0.0,6.0,6.0,0.2,0.15,0.3,0.2,0.03,0.1,0.15
0.46174899226613275,0.5260541609991344,0.2468235063529873,42,500000,1.0,0.0,0.0,1.0,0.05,local,local,"(5, 5)",25,0.5,0.5,0.0,6.0,6.0,0.2,0.15,0.3,0.2,0.03,0.1,0.15
0.5220409950788003,1.3352704022173927,0.29656940686118627,43,500000,1.0,0.0,0.0,1.0,0.05,local,local,"(5, 5)",25,0.5,0.5,0.0,6.0,6.0,0.2,0.15,0.3,0.2,0.03,0.1,0.15
0.5030138876180339,1.0622440033917304,0.28698542602914795,44,500000,1.0,0.0,0.0,1.0,0.05,local,local,"(5, 5)",25,0.5,0.5,0.0,6.0,6.0,0.2,0.15,0.3,0.2,0.03,0.1,0.15
0.5136081124920848,1.4157141162045643,0.24430551138897721,45,500000,1.0,0.0,0.0,1.0,0.05,local,local,"(5, 5)",25,0.5,0.5,0.0,6.0,6.0,0.2,0.15,0.3,0.2,0.03,0.1,0.15
0.5318906791792539,1.505606271961577,0.2837994324011352,46,500000,1.0,0.0,0.0,1.0,0.05,local,local,"(5, 5)",25,0.5,0.5,0.0,6.0,6.0,0.2,0.15,0.3,0.2,0.03,0.1,0.15
0.5057241483088324,1.0425883966370522,0.2740494519010962,47,500000,1.0,0.0,0.0,1.0,0.05,local,local,"(5, 5)",25,0.5,0.5,0.0,6.0,6.0,0.2,0.15,0.3,0.2,0.03,0.1,0.15
0.5114383474507993,1.1318996131860006,0.3229693540612919,48,500000,1.0,0.0,0.0,1.0,0.05,local,local,"(5, 5)",25,0.5,0.5,0.0,6.0,6.0,0.2,0.15,0.3,0.2,0.03,0.1,0.15
0.5258648056763784,1.3495470455013383,0.2738814522370955,49,500000,1.0,0.0,0.0,1.0,0.05,local,local,"(5, 5)",25,0.5,0.5,0.0,6.0,6.0,0.2,0.15,0.3,0.2,0.03,0.1,0.15
0.5269644748438499,1.4884523831155851,0.2738934522130956,50,500000,1.0,0.0,0.0,1.0,0.05,local,local,"(5, 5)",25,0.5,0.5,0.0,6.0,6.0,0.2,0.15,0.3,0.2,0.03,0.1,0.15
0.5636313331506213,2.2411933369743307,0.28486143027713945,1,500000,3.0,0.0,2.0,1.0,0.05,local,local,"(5, 5)",25,0.5,0.5,0.0,6.0,6.0,0.2,0.15,0.3,0.2,0.03,0.1,0.15
0.5776873341231892,2.5405840591378173,0.290249419501161,2,500000,3.0,0.0,2.0,1.0,0.05,local,local,"(5, 5)",25,0.5,0.5,0.0,6.0,6.0,0.2,0.15,0.3,0.2,0.03,0.1,0.15
0.6018857154318903,3.340356727805568,0.3435993128013744,3,500000,3.0,0.0,2.0,1.0,0.05,local,local,"(5, 5)",25,0.5,0.5,0.0,6.0,6.0,0.2,0.15,0.3,0.2,0.03,0.1,0.15
0.5697422970703168,2.75675821362154,0.2787734424531151,4,500000,3.0,0.0,2.0,1.0,0.05,local,local,"(5, 5)",25,0.5,0.5,0.0,6.0,6.0,0.2,0.15,0.3,0.2,0.03,0.1,0.15
0.5904054750946248,3.056008785691873,0.31023537952924096,5,500000,3.0,0.0,2.0,1.0,0.05,local,local,"(5, 5)",25,0.5,0.5,0.0,6.0,6.0,0.2,0.15,0.3,0.2,0.03,0.1,0.15
0.5764735547264206,2.9228164585663756,0.25950948098103804,6,500000,3.0,0.0,2.0,1.0,0.05,local,local,"(5, 5)",25,0.5,0.5,0.0,6.0,6.0,0.2,0.15,0.3,0.2,0.03,0.1,0.15
0.6286172767357749,6.372970436414828,0.3142353715292569,7,500000,3.0,0.0,2.0,1.0,0.05,local,local,"(5, 5)",25,0.5,0.5,0.0,6.0,6.0,0.2,0.15,0.3,0.2,0.03,0.1,0.15
0.5945057358690129,3.667980446073938,0.30556538886922224,8,500000,3.0,0.0,2.0,1.0,0.05,local,local,"(5, 5)",25,0.5,0.5,0.0,6.0,6.0,0.2,0.15,0.3,0.2,0.03,0.1,0.15
0.6284497542081041,5.153243725640185,0.3378493243013514,9,500000,3.0,0.0,2.0,1.0,0.05,local,local,"(5, 5)",25,0.5,0.5,0.0,6.0,6.0,0.2,0.15,0.3,0.2,0.03,0.1,0.15
0.5853436891669529,2.9930695629687096,0.30882338235323525,10,500000,3.0,0.0,2.0,1.0,0.05,local,local,"(5, 5)",25,0.5,0.5,0.0,6.0,6.0,0.2,0.15,0.3,0.2,0.03,0.1,0.15
0.5625665249254723,2.3843635663393026,0.3163493673012654,11,500000,3.0,0.0,2.0,1.0,0.05,local,local,"(5, 5)",25,0.5,0.5,0.0,6.0,6.0,0.2,0.15,0.3,0.2,0.03,0.1,0.15
0.5991510810411356,3.4443025639302394,0.26451547096905803,12,500000,3.0,0.0,2.0,1.0,0.05,local,local,"(5, 5)",25,0.5,0.5,0.0,6.0,6.0,0.2,0.15,0.3,0.2,0.03,0.1,0.15
0.593887129130066,3.2160729312762975,0.30060539878920245,13,500000,3.0,0.0,2.0,1.0,0.05,local,local,"(5, 5)",25,0.5,0.5,0.0,6.0,6.0,0.2,0.15,0.3,0.2,0.03,0.1,0.15
0.5975473697470006,3.6014344575003814,0.30153139693720615,14,500000,3.0,0.0,2.0,1.0,0.05,local,local,"(5, 5)",25,0.5,0.5,0.0,6.0,6.0,0.2,0.15,0.3,0.2,0.03,0.1,0.15
0.6179163172012282,4.96828957036235,0.3086673826652347,15,500000,3.0,0.0,2.0,1.0,0.05,local,local,"(5, 5)",25,0.5,0.5,0.0,6.0,6.0,0.2,0.15,0.3,0.2,0.03,0.1,0.15
0.5998081371251593,3.236602979188318,0.3179733640532719,16,500000,3.0,0.0,2.0,1.0,0.05,local,local,"(5, 5)",25,0.5,0.5,0.0,6.0,6.0,0.2,0.15,0.3,0.2,0.03,0.1,0.15
0.6009773872370636,3.116718184650037,0.34360531278937445,17,500000,3.0,0.0,2.0,1.0,0.05,local,local,"(5, 5)",25,0.5,0.5,0.0,6.0,6.0,0.2,0.15,0.3,0.2,0.03,0.1,0.15
0.6105871290315573,6.07261016635003,0.3052673894652211,18,500000,3.0,0.0,2.0,1.0,0.05,local,local,"(5, 5)",25,0.5,0.5,0.0,6.0,6.0,0.2,0.15,0.3,0.2,0.03,0.1,0.15
0.5660727615599173,2.569965870307167,0.27614344771310456,19,500000,3.0,0.0,2.0,1.0,0.05,local,local,"(5, 5)",25,0.5,0.5,0.0,6.0,6.0,0.2,0.15,0.3,0.2,0.03,0.1,0.15
0.5744069353326295,2.724187886554856,0.26735146529706943,20,500000,3.0,0.0,2.0,1.0,0.05,local,local,"(5, 5)",25,0.5,0.5,0.0,6.0,6.0,0.2,0.15,0.3,0.2,0.03,0.1,0.15
0.6107415869243957,4.5863824249846905,0.2919214161571677,21,500000,3.0,0.0,2.0,1.0,0.05,local,local,"(5, 5)",25,0.5,0.5,0.0,6.0,6.0,0.2,0.15,0.3,0.2,0.03,0.1,0.15
0.5956264020181155,4.311613617690137,0.2973754052491895,22,500000,3.0,0.0,2.0,1.0,0.05,local,local,"(5, 5)",25,0.5,0.5,0.0,6.0,6.0,0.2,0.15,0.3,0.2,0.03,0.1,0.15
0.6217091099501647,4.924280442804427,0.3210953578092844,23,500000,3.0,0.0,2.0,1.0,0.05,local,local,"(5, 5)",25,0.5,0.5,0.0,6.0,6.0,0.2,0.15,0.3,0.2,0.03,0.1,0.15
0.6097567581579979,4.2437366606468565,0.3193953612092776,24,500000,3.0,0.0,2.0,1.0,0.05,local,local,"(5, 5)",25,0.5,0.5,0.0,6.0,6.0,0.2,0.15,0.3,0.2,0.03,0.1,0.15
0.5835669702336657,2.586963193805038,0.3038653922692155,25,500000,3.0,0.0,2.0,1.0,0.05,local,local,"(5, 5)",25,0.5,0.5,0.0,6.0,6.0,0.2,0.15,0.3,0.2,0.03,0.1,0.15
0.5515757184934559,2.2175768115942027,0.27751544496911007,26,500000,3.0,0.0,2.0,1.0,0.05,local,local,"(5, 5)",25,0.5,0.5,0.0,6.0,6.0,0.2,0.15,0.3,0.2,0.03,0.1,0.15
0.5811211592077558,2.9254090471607315,0.27733744532510934,27,500000,3.0,0.0,2.0,1.0,0.05,local,local,"(5, 5)",25,0.5,0.5,0.0,6.0,6.0,0.2,0.15,0.3,0.2,0.03,0.1,0.15
0.5963755693907202,4.764592323415853,0.3045773908452183,28,500000,3.0,0.0,2.0,1.0,0.05,local,local,"(5, 5)",25,0.5,0.5,0.0,6.0,6.0,0.2,0.15,0.3,0.2,0.03,0.1,0.15
0.5711018942273034,2.7355873894697234,0.2779794440411119,29,500000,3.0,0.0,2.0,1.0,0.05,local,local,"(5, 5)",25,0.5,0.5,0.0,6.0,6.0,0.2,0.15,0.3,0.2,0.03,0.1,0.15
0.589795159253096,2.8583812213889157,0.3169113661772676,30,500000,3.0,0.0,2.0,1.0,0.05,local,local,"(5, 5)",25,0.5,0.5,0.0,6.0,6.0,0.2,0.15,0.3,0.2,0.03,0.1,0.15
0.5541338020322347,2.169848747830399,0.25567948864102275,31,500000,3.0,0.0,2.0,1.0,0.05,local,local,"(5, 5)",25,0.5,0.5,0.0,6.0,6.0,0.2,0.15,0.3,0.2,0.03,0.1,0.15
0.5870598487120532,3.362186390360324,0.299751400497199,32,500000,3.0,0.0,2.0,1.0,0.05,local,local,"(5, 5)",25,0.5,0.5,0.0,6.0,6.0,0.2,0.15,0.3,0.2,0.03,0.1,0.15
0.584392646034134,3.425730286060239,0.29240741518516966,33,500000,3.0,0.0,2.0,1.0,0.05,local,local,"(5, 5)",25,0.5,0.5,0.0,6.0,6.0,0.2,0.15,0.3,0.2,0.03,0.1,0.15
0.605960657404798,4.710888565185725,0.31364137271725456,34,500000,3.0,0.0,2.0,1.0,0.05,local,local,"(5, 5)",25,0.5,0.5,0.0,6.0,6.0,0.2,0.15,0.3,0.2,0.03,0.1,0.15
0.6102675186496638,4.0322472492303945,0.3302053395893208,35,500000,3.0,0.0,2.0,1.0,0.05,local,local,"(5, 5)",25,0.5,0.5,0.0,6.0,6.0,0.2,0.15,0.3,0.2,0.03,0.1,0.15
0.5651046780856467,1.9859876249405044,0.3136773726452547,36,500000,3.0,0.0,2.0,1.0,0.05,local,local,"(5, 5)",25,0.5,0.5,0.0,6.0,6.0,0.2,0.15,0.3,0.2,0.03,0.1,0.15
0.6206705064030326,5.118365643613187,0.3225473549052902,37,500000,3.0,0.0,2.0,1.0,0.05,local,local,"(5, 5)",25,0.5,0.5,0.0,6.0,6.0,0.2,0.15,0.3,0.2,0.03,0.1,0.15
0.5846322226594901,2.6797937663548983,0.2840574318851362,38,500000,3.0,0.0,2.0,1.0,0.05,local,local,"(5, 5)",25,0.5,0.5,0.0,6.0,6.0,0.2,0.15,0.3,0.2,0.03,0.1,0.15
0.600225443031396,3.494226545340446,0.28646142707714584,39,500000,3.0,0.0,2.0,1.0,0.05,local,local,"(5, 5)",25,0.5,0.5,0.0,6.0,6.0,0.2,0.15,0.3,0.2,0.03,0.1,0.15
0.5773673821975412,2.5964504436945384,0.287751424497151,40,500000,3.0,0.0,2.0,1.0,0.05,local,local,"(5, 5)",25,0.5,0.5,0.0,6.0,6.0,0.2,0.15,0.3,0.2,0.03,0.1,0.15
0.612463804378907,4.2695517366494045,0.31951336097327804,41,500000,3.0,0.0,2.0,1.0,0.05,local,local,"(5, 5)",25,0.5,0.5,0.0,6.0,6.0,0.2,0.15,0.3,0.2,0.03,0.1,0.15
0.5905199690504833,3.7542316992745657,0.3027773944452111,42,500000,3.0,0.0,2.0,1.0,0.05,local,local,"(5, 5)",25,0.5,0.5,0.0,6.0,6.0,0.2,0.15,0.3,0.2,0.03,0.1,0.15
0.6089923095507752,4.526691742296146,0.32031535936928124,43,500000,3.0,0.0,2.0,1.0,0.05,local,local,"(5, 5)",25,0.5,0.5,0.0,6.0,6.0,0.2,0.15,0.3,0.2,0.03,0.1,0.15
0.5651366348107542,2.3183822341235945,0.28749742500514996,44,500000,3.0,0.0,2.0,1.0,0.05,local,local,"(5, 5)",25,0.5,0.5,0.0,6.0,6.0,0.2,0.15,0.3,0.2,0.03,0.1,0.15
0.5937177729471788,4.096883444424428,0.2829274341451317,45,500000,3.0,0.0,2.0,1.0,0.05,local,local,"(5, 5)",25,0.5,0.5,0.0,6.0,6.0,0.2,0.15,0.3,0.2,0.03,0.1,0.15
0.6021984666278654,4.974777004822671,0.27998944002112,46,500000,3.0,0.0,2.0,1.0,0.05,local,local,"(5, 5)",25,0.5,0.5,0.0,6.0,6.0,0.2,0.15,0.3,0.2,0.03,0.1,0.15
0.5824746216375508,2.939392117367645,0.26207147585704826,47,500000,3.0,0.0,2.0,1.0,0.05,local,local,"(5, 5)",25,0.5,0.5,0.0,6.0,6.0,0.2,0.15,0.3,0.2,0.03,0.1,0.15
0.592722457935544,4.012183831426138,0.27068745862508276,48,500000,3.0,0.0,2.0,1.0,0.05,local,local,"(5, 5)",25,0.5,0.5,0.0,6.0,6.0,0.2,0.15,0.3,0.2,0.03,0.1,0.15
0.585439093153348,3.465897848132575,0.28888942222115555,49,500000,3.0,0.0,2.0,1.0,0.05,local,local,"(5, 5)",25,0.5,0.5,0.0,6.0,6.0,0.2,0.15,0.3,0.2,0.03,0.1,0.15
0.5952602528168227,3.686452127986243,0.30523738952522095,50,500000,3.0,0.0,2.0,1.0,0.05,local,local,"(5, 5)",25,0.5,0.5,0.0,6.0,6.0,0.2,0.15,0.3,0.2,0.03,0.1,0.15
0.493471629698623,0.8704189682699897,0.20384159231681537,1,500000,3.0,0.0,4.0,1.0,0.05,local,local,"(5, 5)",25,0.5,0.5,0.0,6.0,6.0,0.2,0.15,0.3,0.2,0.03,0.1,0.15
0.5245387529805896,1.7826234611574925,0.1966476067047866,2,500000,3.0,0.0,4.0,1.0,0.05,local,local,"(5, 5)",25,0.5,0.5,0.0,6.0,6.0,0.2,0.15,0.3,0.2,0.03,0.1,0.15
0.4698566151305605,0.5676776127727812,0.2248515502968994,3,500000,3.0,0.0,4.0,1.0,0.05,local,local,"(5, 5)",25,0.5,0.5,0.0,6.0,6.0,0.2,0.15,0.3,0.2,0.03,0.1,0.15
0.501802766383104,1.1185421089879688,0.22750554498891,4,500000,3.0,0.0,4.0,1.0,0.05,local,local,"(5, 5)",25,0.5,0.5,0.0,6.0,6.0,0.2,0.15,0.3,0.2,0.03,0.1,0.15
0.4891107774992711,0.9367763498189631,0.1947076105847788,5,500000,3.0,0.0,4.0,1.0,0.05,local,local,"(5, 5)",25,0.5,0.5,0.0,6.0,6.0,0.2,0.15,0.3,0.2,0.03,0.1,0.15
0.5189277124271966,1.4109962539712644,0.20338159323681354,6,500000,3.0,0.0,4.0,1.0,0.05,local,local,"(5, 5)",25,0.5,0.5,0.0,6.0,6.0,0.2,0.15,0.3,0.2,0.03,0.1,0.15
0.5122722142452885,1.1505040303371001,0.22570354859290281,7,500000,3.0,0.0,4.0,1.0,0.05,local,local,"(5, 5)",25,0.5,0.5,0.0,6.0,6.0,0.2,0.15,0.3,0.2,0.03,0.1,0.15
0.4945569894250455,1.1833185405522104,0.1820316359367281,8,500000,3.0,0.0,4.0,1.0,0.05,local,local,"(5, 5)",25,0.5,0.5,0.0,6.0,6.0,0.2,0.15,0.3,0.2,0.03,0.1,0.15
0.46895491556758634,0.6447799416353999,0.22093955812088378,9,500000,3.0,0.0,4.0,1.0,0.05,local,local,"(5, 5)",25,0.5,0.5,0.0,6.0,6.0,0.2,0.15,0.3,0.2,0.03,0.1,0.15
0.5045680372355935,1.198048067985659,0.19864160271679457,10,500000,3.0,0.0,4.0,1.0,0.05,local,local,"(5, 5)",25,0.5,0.5,0.0,6.0,6.0,0.2,0.15,0.3,0.2,0.03,0.1,0.15
0.5103645348491066,1.1101454936041404,0.17287965424069152,11,500000,3.0,0.0,4.0,1.0,0.05,local,local,"(5, 5)",25,0.5,0.5,0.0,6.0,6.0,0.2,0.15,0.3,0.2,0.03,0.1,0.15
0.5052305848321175,1.1089877118887,0.22071355857288286,12,500000,3.0,0.0,4.0,1.0,0.05,local,local,"(5, 5)",25,0.5,0.5,0.0,6.0,6.0,0.2,0.15,0.3,0.2,0.03,0.1,0.15
0.503182482549567,0.8974450407402785,0.2128435743128514,13,500000,3.0,0.0,4.0,1.0,0.05,local,local,"(5, 5)",25,0.5,0.5,0.0,6.0,6.0,0.2,0.15,0.3,0.2,0.03,0.1,0.15
0.5110770944610299,1.1204993025839856,0.17938964122071754,14,500000,3.0,0.0,4.0,1.0,0.05,local,local,"(5, 5)",25,0.5,0.5,0.0,6.0,6.0,0.2,0.15,0.3,0.2,0.03,0.1,0.15
0.48499458799365064,0.7678378724416073,0.19330561338877322,15,500000,3.0,0.0,4.0,1.0,0.05,local,local,"(5, 5)",25,0.5,0.5,0.0,6.0,6.0,0.2,0.15,0.3,0.2,0.03,0.1,0.15
0.5018308107941439,1.1508660615042607,0.18576562846874306,16,500000,3.0,0.0,4.0,1.0,0.05,local,local,"(5, 5)",25,0.5,0.5,0.0,6.0,6.0,0.2,0.15,0.3,0.2,0.03,0.1,0.15
0.48133521432441373,0.6997592211327075,0.19483961032077934,17,500000,3.0,0.0,4.0,1.0,0.05,local,local,"(5, 5)",25,0.5,0.5,0.0,6.0,6.0,0.2,0.15,0.3,0.2,0.03,0.1,0.15
0.5180382221072303,1.2572880883854796,0.194505610988778,18,500000,3.0,0.0,4.0,1.0,0.05,local,local,"(5, 5)",25,0.5,0.5,0.0,6.0,6.0,0.2,0.15,0.3,0.2,0.03,0.1,0.15
0.5018785829817597,0.9209933774834437,0.17404165191669618,19,500000,3.0,0.0,4.0,1.0,0.05,local,local,"(5, 5)",25,0.5,0.5,0.0,6.0,6.0,0.2,0.15,0.3,0.2,0.03,0.1,0.15
0.47959222387347744,0.8450701191271192,0.1712996574006852,20,500000,3.0,0.0,4.0,1.0,0.05,local,local,"(5, 5)",25,0.5,0.5,0.0,6.0,6.0,0.2,0.15,0.3,0.2,0.03,0.1,0.15
0.5062260452698282,0.9259116267397642,0.19953560092879813,21,500000,3.0,0.0,4.0,1.0,0.05,local,local,"(5, 5)",25,0.5,0.5,0.0,6.0,6.0,0.2,0.15,0.3,0.2,0.03,0.1,0.15
0.5009348292408061,1.1177119059284664,0.20746758506482987,22,500000,3.0,0.0,4.0,1.0,0.05,local,local,"(5, 5)",25,0.5,0.5,0.0,6.0,6.0,0.2,0.15,0.3,0.2,0.03,0.1,0.15
0.5122417961188603,0.9666548421426037,0.14414371171257656,23,500000,3.0,0.0,4.0,1.0,0.05,local,local,"(5, 5)",25,0.5,0.5,0.0,6.0,6.0,0.2,0.15,0.3,0.2,0.03,0.1,0.15
0.4873838884995445,0.8499594616507216,0.2281735436529127,24,500000,3.0,0.0,4.0,1.0,0.05,local,local,"(5, 5)",25,0.5,0.5,0.0,6.0,6.0,0.2,0.15,0.3,0.2,0.03,0.1,0.15
0.48190680399558766,0.7593690263923024,0.2190515618968762,25,500000,3.0,0.0,4.0,1.0,0.05,local,local,"(5, 5)",25,0.5,0.5,0.0,6.0,6.0,0.2,0.15,0.3,0.2,0.03,0.1,0.15
0.5195531520673525,1.6288891483275931,0.18014163971672056,26,500000,3.0,0.0,4.0,1.0,0.05,local,local,"(5, 5)",25,0.5,0.5,0.0,6.0,6.0,0.2,0.15,0.3,0.2,0.03,0.1,0.15
0.4844471520379157,0.9509610542219238,0.18594962810074378,27,500000,3.0,0.0,4.0,1.0,0.05,local,local,"(5, 5)",25,0.5,0.5,0.0,6.0,6.0,0.2,0.15,0.3,0.2,0.03,0.1,0.15
0.4997619164405369,1.091513700452248,0.22013555972888055,28,500000,3.0,0.0,4.0,1.0,0.05,local,local,"(5, 5)",25,0.5,0.5,0.0,6.0,6.0,0.2,0.15,0.3,0.2,0.03,0.1,0.15
0.48856383124394914,0.771353737207159,0.2191195617608765,29,500000,3.0,0.0,4.0,1.0,0.05,local,local,"(5, 5)",25,0.5,0.5,0.0,6.0,6.0,0.2,0.15,0.3,0.2,0.03,0.1,0.15
0.4967918607171214,1.2582964882858159,0.177745644508711,30,500000,3.0,0.0,4.0,1.0,0.05,local,local,"(5, 5)",25,0.5,0.5,0.0,6.0,6.0,0.2,0.15,0.3,0.2,0.03,0.1,0.15
0.491682380973752,0.9170817640626898,0.1893536212927574,31,500000,3.0,0.0,4.0,1.0,0.05,local,local,"(5, 5)",25,0.5,0.5,0.0,6.0,6.0,0.2,0.15,0.3,0.2,0.03,0.1,0.15
0.5271877715003979,1.5954727154411081,0.2233555532888934,32,500000,3.0,0.0,4.0,1.0,0.05,local,local,"(5, 5)",25,0.5,0.5,0.0,6.0,6.0,0.2,0.15,0.3,0.2,0.03,0.1,0.15
0.5136734846445209,1.1635648176032445,0.21552956894086212,33,500000,3.0,0.0,4.0,1.0,0.05,local,local,"(5, 5)",25,0.5,0.5,0.0,6.0,6.0,0.2,0.15,0.3,0.2,0.03,0.1,0.15
0.4958257009244282,0.9735986860497624,0.22590554818890363,34,500000,3.0,0.0,4.0,1.0,0.05,local,local,"(5, 5)",25,0.5,0.5,0.0,6.0,6.0,0.2,0.15,0.3,0.2,0.03,0.1,0.15
0.5227769916712928,1.5153314275941265,0.2058995882008236,35,500000,3.0,0.0,4.0,1.0,0.05,local,local,"(5, 5)",25,0.5,0.5,0.0,6.0,6.0,0.2,0.15,0.3,0.2,0.03,0.1,0.15
0.5082735683331554,1.1594876466323363,0.2323215353569293,36,500000,3.0,0.0,4.0,1.0,0.05,local,local,"(5, 5)",25,0.5,0.5,0.0,6.0,6.0,0.2,0.15,0.3,0.2,0.03,0.1,0.15
0.5043782028194429,0.9622202720491443,0.1788756422487155,37,500000,3.0,0.0,4.0,1.0,0.05,local,local,"(5, 5)",25,0.5,0.5,0.0,6.0,6.0,0.2,0.15,0.3,0.2,0.03,0.1,0.15
0.4729914141807839,0.6334282847246949,0.20184559630880738,38,500000,3.0,0.0,4.0,1.0,0.05,local,local,"(5, 5)",25,0.5,0.5,0.0,6.0,6.0,0.2,0.15,0.3,0.2,0.03,0.1,0.15
0.4742138558056348,0.6618323484637672,0.20304559390881216,39,500000,3.0,0.0,4.0,1.0,0.05,local,local,"(5, 5)",25,0.5,0.5,0.0,6.0,6.0,0.2,0.15,0.3,0.2,0.03,0.1,0.15
0.500768299944635,0.9373066537918209,0.21667956664086674,40,500000,3.0,0.0,4.0,1.0,0.05,local,local,"(5, 5)",25,0.5,0.5,0.0,6.0,6.0,0.2,0.15,0.3,0.2,0.03,0.1,0.15
0.510888506336792,1.0548644143594745,0.20217359565280868,41,500000,3.0,0.0,4.0,1.0,0.05,local,local,"(5, 5)",25,0.5,0.5,0.0,6.0,6.0,0.2,0.15,0.3,0.2,0.03,0.1,0.15
0.48279950147167017,0.7759822995345999,0.2327775344449311,42,500000,3.0,0.0,4.0,1.0,0.05,local,local,"(5, 5)",25,0.5,0.5,0.0,6.0,6.0,0.2,0.15,0.3,0.2,0.03,0.1,0.15
0.46817254412913367,0.6288777139750603,0.19175761648476702,43,500000,3.0,0.0,4.0,1.0,0.05,local,local,"(5, 5)",25,0.5,0.5,0.0,6.0,6.0,0.2,0.15,0.3,0.2,0.03,0.1,0.15
0.49661243862182813,0.8728914426431357,0.18253163493673014,44,500000,3.0,0.0,4.0,1.0,0.05,local,local,"(5, 5)",25,0.5,0.5,0.0,6.0,6.0,0.2,0.15,0.3,0.2,0.03,0.1,0.15
0.5038239006568215,0.9844970208827442,0.20583558832882334,45,500000,3.0,0.0,4.0,1.0,0.05,local,local,"(5, 5)",25,0.5,0.5,0.0,6.0,6.0,0.2,0.15,0.3,0.2,0.03,0.1,0.15
0.51063600380905,1.3728150470219436,0.18923162153675693,46,500000,3.0,0.0,4.0,1.0,0.05,local,local,"(5, 5)",25,0.5,0.5,0.0,6.0,6.0,0.2,0.15,0.3,0.2,0.03,0.1,0.15
0.5035981125096912,1.0995564426702151,0.18933762132475734,47,500000,3.0,0.0,4.0,1.0,0.05,local,local,"(5, 5)",25,0.5,0.5,0.0,6.0,6.0,0.2,0.15,0.3,0.2,0.03,0.1,0.15
0.48027008768199,0.6117260697382402,0.16686166627666743,48,500000,3.0,0.0,4.0,1.0,0.05,local,local,"(5, 5)",25,0.5,0.5,0.0,6.0,6.0,0.2,0.15,0.3,0.2,0.03,0.1,0.15
0.4666454051843724,0.7085903192381704,0.20776758446483107,49,500000,3.0,0.0,4.0,1.0,0.05,local,local,"(5, 5)",25,0.5,0.5,0.0,6.0,6.0,0.2,0.15,0.3,0.2,0.03,0.1,0.15
0.5306115133818812,1.9434545267277783,0.17146765706468586,50,500000,3.0,0.0,4.0,1.0,0.05,local,local,"(5, 5)",25,0.5,0.5,0.0,6.0,6.0,0.2,0.15,0.3,0.2,0.03,0.1,0.15
0.6348935675504385,14.465901682096753,0.23721552556894884,1,500000,3.0,2.0,4.0,0.0,0.05,local,local,"(5, 5)",25,0.5,0.5,0.0,6.0,6.0,0.2,0.15,0.3,0.2,0.03,0.1,0.15
0.6352674354514968,11.150770142180095,0.2461255077489845,2,500000,3.0,2.0,4.0,0.0,0.05,local,local,"(5, 5)",25,0.5,0.5,0.0,6.0,6.0,0.2,0.15,0.3,0.2,0.03,0.1,0.15
0.6339435121476824,15.29428759028234,0.24816150367699266,3,500000,3.0,2.0,4.0,0.0,0.05,local,local,"(5, 5)",25,0.5,0.5,0.0,6.0,6.0,0.2,0.15,0.3,0.2,0.03,0.1,0.15
0.6220921037519784,11.704785654910344,0.2139735720528559,4,500000,3.0,2.0,4.0,0.0,0.05,local,local,"(5, 5)",25,0.5,0.5,0.0,6.0,6.0,0.2,0.15,0.3,0.2,0.03,0.1,0.15
0.6073376054518511,7.369517447481761,0.19043961912076177,5,500000,3.0,2.0,4.0,0.0,0.05,local,local,"(5, 5)",25,0.5,0.5,0.0,6.0,6.0,0.2,0.15,0.3,0.2,0.03,0.1,0.15
0.6272949608788956,13.449850502854037,0.21264357471285059,6,500000,3.0,2.0,4.0,0.0,0.05,local,local,"(5, 5)",25,0.5,0.5,0.0,6.0,6.0,0.2,0.15,0.3,0.2,0.03,0.1,0.15
0.6643064129554938,38.28869047619048,0.2640194719610561,7,500000,3.0,2.0,4.0,0.0,0.05,local,local,"(5, 5)",25,0.5,0.5,0.0,6.0,6.0,0.2,0.15,0.3,0.2,0.03,0.1,0.15
0.6174008153077156,8.704055220017258,0.22493955012089978,8,500000,3.0,2.0,4.0,0.0,0.05,local,local,"(5, 5)",25,0.5,0.5,0.0,6.0,6.0,0.2,0.15,0.3,0.2,0.03,0.1,0.15
0.6115626334550396,10.759410582719356,0.17556764886470227,9,500000,3.0,2.0,4.0,0.0,0.05,local,local,"(5, 5)",25,0.5,0.5,0.0,6.0,6.0,0.2,0.15,0.3,0.2,0.03,0.1,0.15
0.6259095355317082,11.748545251949983,0.20593958812082377,10,500000,3.0,2.0,4.0,0.0,0.05,local,local,"(5, 5)",25,0.5,0.5,0.0,6.0,6.0,0.2,0.15,0.3,0.2,0.03,0.1,0.15
0.6658050987774465,36.441627194204514,0.268755462489075,11,500000,3.0,2.0,4.0,0.0,0.05,local,local,"(5, 5)",25,0.5,0.5,0.0,6.0,6.0,0.2,0.15,0.3,0.2,0.03,0.1,0.15
0.6602582025467403,32.19729295710025,0.28941342117315766,12,500000,3.0,2.0,4.0,0.0,0.05,local,local,"(5, 5)",25,0.5,0.5,0.0,6.0,6.0,0.2,0.15,0.3,0.2,0.03,0.1,0.15
0.6258527376221626,22.26270746887967,0.1794016411967176,13,500000,3.0,2.0,4.0,0.0,0.05,local,local,"(5, 5)",25,0.5,0.5,0.0,6.0,6.0,0.2,0.15,0.3,0.2,0.03,0.1,0.15
0.6417041039316206,24.408457249070633,0.21871556256887487,14,500000,3.0,2.0,4.0,0.0,0.05,local,local,"(5, 5)",25,0.5,0.5,0.0,6.0,6.0,0.2,0.15,0.3,0.2,0.03,0.1,0.15
0.633661331236313,16.614864864864863,0.23984352031295936,15,500000,3.0,2.0,4.0,0.0,0.05,local,local,"(5, 5)",25,0.5,0.5,0.0,6.0,6.0,0.2,0.15,0.3,0.2,0.03,0.1,0.15
0.650584228959027,23.833071484681852,0.2528994942010116,16,500000,3.0,2.0,4.0,0.0,0.05,local,local,"(5, 5)",25,0.5,0.5,0.0,6.0,6.0,0.2,0.15,0.3,0.2,0.03,0.1,0.15
0.6292259075088878,18.7561110090057,0.21498557002885996,17,500000,3.0,2.0,4.0,0.0,0.05,local,local,"(5, 5)",25,0.5,0.5,0.0,6.0,6.0,0.2,0.15,0.3,0.2,0.03,0.1,0.15
0.6385063282519582,17.408637873754152,0.2438035123929752,18,500000,3.0,2.0,4.0,0.0,0.05,local,local,"(5, 5)",25,0.5,0.5,0.0,6.0,6.0,0.2,0.15,0.3,0.2,0.03,0.1,0.15
0.6239657167737471,14.83867200533867,0.18987362025275947,19,500000,3.0,2.0,4.0,0.0,0.05,local,local,"(5, 5)",25,0.5,0.5,0.0,6.0,6.0,0.2,0.15,0.3,0.2,0.03,0.1,0.15
0.6301759277060744,17.473907150118603,0.21806556386887227,20,500000,3.0,2.0,4.0,0.0,0.05,local,local,"(5, 5)",25,0.5,0.5,0.0,6.0,6.0,0.2,0.15,0.3,0.2,0.03,0.1,0.15
0.6223794698333002,16.91652613827993,0.16999166001667995,21,500000,3.0,2.0,4.0,0.0,0.05,local,local,"(5, 5)",25,0.5,0.5,0.0,6.0,6.0,0.2,0.15,0.3,0.2,0.03,0.1,0.15
0.6200857073030218,13.401893663510561,0.19773760452479094,22,500000,3.0,2.0,4.0,0.0,0.05,local,local,"(5, 5)",25,0.5,0.5,0.0,6.0,6.0,0.2,0.15,0.3,0.2,0.03,0.1,0.15
0.6494913105692958,31.371761280931587,0.22239355521288956,23,500000,3.0,2.0,4.0,0.0,0.05,local,local,"(5, 5)",25,0.5,0.5,0.0,6.0,6.0,0.2,0.15,0.3,0.2,0.03,0.1,0.15
0.6337924726430413,20.308312045588526,0.2168755662488675,24,500000,3.0,2.0,4.0,0.0,0.05,local,local,"(5, 5)",25,0.5,0.5,0.0,6.0,6.0,0.2,0.15,0.3,0.2,0.03,0.1,0.15
0.6199036994595637,12.641594246329037,0.18208763582472837,25,500000,3.0,2.0,4.0,0.0,0.05,local,local,"(5, 5)",25,0.5,0.5,0.0,6.0,6.0,0.2,0.15,0.3,0.2,0.03,0.1,0.15
0.6317970460580704,12.03172930570191,0.22260755478489044,26,500000,3.0,2.0,4.0,0.0,0.05,local,local,"(5, 5)",25,0.5,0.5,0.0,6.0,6.0,0.2,0.15,0.3,0.2,0.03,0.1,0.15
0.638696299842625,24.73981841763943,0.1984536030927938,27,500000,3.0,2.0,4.0,0.0,0.05,local,local,"(5, 5)",25,0.5,0.5,0.0,6.0,6.0,0.2,0.15,0.3,0.2,0.03,0.1,0.15
0.6330864258058944,14.737963233148527,0.21573556852886294,28,500000,3.0,2.0,4.0,0.0,0.05,local,local,"(5, 5)",25,0.5,0.5,0.0,6.0,6.0,0.2,0.15,0.3,0.2,0.03,0.1,0.15
0.6330676383830132,20.125448743518152,0.2118455763088474,29,500000,3.0,2.0,4.0,0.0,0.05,local,local,"(5, 5)",25,0.5,0.5,0.0,6.0,6.0,0.2,0.15,0.3,0.2,0.03,0.1,0.15
0.6290447956550723,24.65842583249243,0.20341959316081368,30,500000,3.0,2.0,4.0,0.0,0.05,local,local,"(5, 5)",25,0.5,0.5,0.0,6.0,6.0,0.2,0.15,0.3,0.2,0.03,0.1,0.15
0.6205903404924432,20.71649122807018,0.1856756286487427,31,500000,3.0,2.0,4.0,0.0,0.05,local,local,"(5, 5)",25,0.5,0.5,0.0,6.0,6.0,0.2,0.15,0.3,0.2,0.03,0.1,0.15
0.6450086784999823,23.604460541364848,0.2581494837010326,32,500000,3.0,2.0,4.0,0.0,0.05,local,local,"(5, 5)",25,0.5,0.5,0.0,6.0,6.0,0.2,0.15,0.3,0.2,0.03,0.1,0.15
0.6444857646719461,27.130264190426367,0.2150835698328603,33,500000,3.0,2.0,4.0,0.0,0.05,local,local,"(5, 5)",25,0.5,0.5,0.0,6.0,6.0,0.2,0.15,0.3,0.2,0.03,0.1,0.15
0.5999980265806318,7.148767605633802,0.18513962972074055,34,500000,3.0,2.0,4.0,0.0,0.05,local,local,"(5, 5)",25,0.5,0.5,0.0,6.0,6.0,0.2,0.15,0.3,0.2,0.03,0.1,0.15
0.6440289065181434,35.59287443791075,0.2115795768408463,35,500000,3.0,2.0,4.0,0.0,0.05,local,local,"(5, 5)",25,0.5,0.5,0.0,6.0,6.0,0.2,0.15,0.3,0.2,0.03,0.1,0.15
0.6279274804478667,22.424660795048798,0.19681360637278725,36,500000,3.0,2.0,4.0,0.0,0.05,local,local,"(5, 5)",25,0.5,0.5,0.0,6.0,6.0,0.2,0.15,0.3,0.2,0.03,0.1,0.15
0.646930487048185,34.344431349440185,0.23991752016495965,37,500000,3.0,2.0,4.0,0.0,0.05,local,local,"(5, 5)",25,0.5,0.5,0.0,6.0,6.0,0.2,0.15,0.3,0.2,0.03,0.1,0.15
0.6318743415592556,18.437062937062937,0.2001235997528005,38,500000,3.0,2.0,4.0,0.0,0.05,local,local,"(5, 5)",25,0.5,0.5,0.0,6.0,6.0,0.2,0.15,0.3,0.2,0.03,0.1,0.15
0.6319567420584352,14.415840160988932,0.21449557100885797,39,500000,3.0,2.0,4.0,0.0,0.05,local,local,"(5, 5)",25,0.5,0.5,0.0,6.0,6.0,0.2,0.15,0.3,0.2,0.03,0.1,0.15
0.6298950076533965,12.160886075949369,0.20794158411683178,40,500000,3.0,2.0,4.0,0.0,0.05,local,local,"(5, 5)",25,0.5,0.5,0.0,6.0,6.0,0.2,0.15,0.3,0.2,0.03,0.1,0.15
0.593424612479072,5.486006825938567,0.17103565792868414,41,500000,3.0,2.0,4.0,0.0,0.05,local,local,"(5, 5)",25,0.5,0.5,0.0,6.0,6.0,0.2,0.15,0.3,0.2,0.03,0.1,0.15
0.6463618604903073,32.29114994363022,0.23623352753294494,42,500000,3.0,2.0,4.0,0.0,0.05,local,local,"(5, 5)",25,0.5,0.5,0.0,6.0,6.0,0.2,0.15,0.3,0.2,0.03,0.1,0.15
0.6084574704798777,10.325227599425011,0.18908562182875632,43,500000,3.0,2.0,4.0,0.0,0.05,local,local,"(5, 5)",25,0.5,0.5,0.0,6.0,6.0,0.2,0.15,0.3,0.2,0.03,0.1,0.15
0.6315340409427924,17.51216708181644,0.19322961354077292,44,500000,3.0,2.0,4.0,0.0,0.05,local,local,"(5, 5)",25,0.5,0.5,0.0,6.0,6.0,0.2,0.15,0.3,0.2,0.03,0.1,0.15
0.6467125843228679,22.251814628699048,0.24986350027299944,45,500000,3.0,2.0,4.0,0.0,0.05,local,local,"(5, 5)",25,0.5,0.5,0.0,6.0,6.0,0.2,0.15,0.3,0.2,0.03,0.1,0.15
0.6320674198839056,12.26841061244731,0.2140455719088562,46,500000,3.0,2.0,4.0,0.0,0.05,local,local,"(5, 5)",25,0.5,0.5,0.0,6.0,6.0,0.2,0.15,0.3,0.2,0.03,0.1,0.15
0.6591921987980089,35.56688093051729,0.23892752214495572,47,500000,3.0,2.0,4.0,0.0,0.05,local,local,"(5, 5)",25,0.5,0.5,0.0,6.0,6.0,0.2,0.15,0.3,0.2,0.03,0.1,0.15
0.6450751690643095,31.142059058260173,0.24164351671296658,48,500000,3.0,2.0,4.0,0.0,0.05,local,local,"(5, 5)",25,0.5,0.5,0.0,6.0,6.0,0.2,0.15,0.3,0.2,0.03,0.1,0.15
0.640808199991403,21.286183535208377,0.21711156577686846,49,500000,3.0,2.0,4.0,0.0,0.05,local,local,"(5, 5)",25,0.5,0.5,0.0,6.0,6.0,0.2,0.15,0.3,0.2,0.03,0.1,0.15
0.6209737218004338,23.261631089217296,0.17730364539270924,50,500000,3.0,2.0,4.0,0.0,0.05,local,local,"(5, 5)",25,0.5,0.5,0.0,6.0,6.0,0.2,0.15,0.3,0.2,0.03,0.1,0.15
0.5213604919565281,1.437643534697953,0.09765180469639062,1,500000,1.0,2.0,3.0,0.0,0.05,local,local,"(5, 5)",25,0.5,0.5,0.0,6.0,6.0,0.2,0.15,0.3,0.2,0.03,0.1,0.15
0.5232213799148256,1.766713417484806,0.10652378695242609,2,500000,1.0,2.0,3.0,0.0,0.05,local,local,"(5, 5)",25,0.5,0.5,0.0,6.0,6.0,0.2,0.15,0.3,0.2,0.03,0.1,0.15
0.5262399209089259,2.194907656446118,0.10690778618442763,3,500000,1.0,2.0,3.0,0.0,0.05,local,local,"(5, 5)",25,0.5,0.5,0.0,6.0,6.0,0.2,0.15,0.3,0.2,0.03,0.1,0.15
0.5231225318507964,1.7340224195661669,0.1126797746404507,4,500000,1.0,2.0,3.0,0.0,0.05,local,local,"(5, 5)",25,0.5,0.5,0.0,6.0,6.0,0.2,0.15,0.3,0.2,0.03,0.1,0.15
0.5398878446269426,2.513526167932577,0.1350737298525403,5,500000,1.0,2.0,3.0,0.0,0.05,local,local,"(5, 5)",25,0.5,0.5,0.0,6.0,6.0,0.2,0.15,0.3,0.2,0.03,0.1,0.15
0.5580400883026165,2.582467615749647,0.11172977654044691,6,500000,1.0,2.0,3.0,0.0,0.05,local,local,"(5, 5)",25,0.5,0.5,0.0,6.0,6.0,0.2,0.15,0.3,0.2,0.03,0.1,0.15
0.506736357573555,1.5342561242780322,0.10179579640840719,7,500000,1.0,2.0,3.0,0.0,0.05,local,local,"(5, 5)",25,0.5,0.5,0.0,6.0,6.0,0.2,0.15,0.3,0.2,0.03,0.1,0.15
0.5373185503677839,2.477283728649471,0.10056979886040229,8,500000,1.0,2.0,3.0,0.0,0.05,local,local,"(5, 5)",25,0.5,0.5,0.0,6.0,6.0,0.2,0.15,0.3,0.2,0.03,0.1,0.15
0.5323487406073283,1.9181893506606775,0.13383373233253534,9,500000,1.0,2.0,3.0,0.0,0.05,local,local,"(5, 5)",25,0.5,0.5,0.0,6.0,6.0,0.2,0.15,0.3,0.2,0.03,0.1,0.15
0.5159816731913551,1.4484213112740079,0.1195757608484783,10,500000,1.0,2.0,3.0,0.0,0.05,local,local,"(5, 5)",25,0.5,0.5,0.0,6.0,6.0,0.2,0.15,0.3,0.2,0.03,0.1,0.15
0.5259798048734666,1.251548720938707,0.12357375285249428,11,500000,1.0,2.0,3.0,0.0,0.05,local,local,"(5, 5)",25,0.5,0.5,0.0,6.0,6.0,0.2,0.15,0.3,0.2,0.03,0.1,0.15
0.5288757000978683,2.31343201754386,0.1208737582524835,12,500000,1.0,2.0,3.0,0.0,0.05,local,local,"(5, 5)",25,0.5,0.5,0.0,6.0,6.0,0.2,0.15,0.3,0.2,0.03,0.1,0.15
0.5693310173483668,4.978919338732942,0.1077757844484311,13,500000,1.0,2.0,3.0,0.0,0.05,local,local,"(5, 5)",25,0.5,0.5,0.0,6.0,6.0,0.2,0.15,0.3,0.2,0.03,0.1,0.15
0.5341971591957103,2.5719300485065104,0.11192977614044772,14,500000,1.0,2.0,3.0,0.0,0.05,local,local,"(5, 5)",25,0.5,0.5,0.0,6.0,6.0,0.2,0.15,0.3,0.2,0.03,0.1,0.15
0.5499412685471586,3.6735810534912208,0.11445577108845782,15,500000,1.0,2.0,3.0,0.0,0.05,local,local,"(5, 5)",25,0.5,0.5,0.0,6.0,6.0,0.2,0.15,0.3,0.2,0.03,0.1,0.15
0.5490155781732021,3.62093758987633,0.12853574292851414,16,500000,1.0,2.0,3.0,0.0,0.05,local,local,"(5, 5)",25,0.5,0.5,0.0,6.0,6.0,0.2,0.15,0.3,0.2,0.03,0.1,0.15
0.5454440446627871,1.9813262889415195,0.13091573816852367,17,500000,1.0,2.0,3.0,0.0,0.05,local,local,"(5, 5)",25,0.5,0.5,0.0,6.0,6.0,0.2,0.15,0.3,0.2,0.03,0.1,0.15
0.5448963148777581,2.41414590747331,0.1381497237005526,18,500000,1.0,2.0,3.0,0.0,0.05,local,local,"(5, 5)",25,0.5,0.5,0.0,6.0,6.0,0.2,0.15,0.3,0.2,0.03,0.1,0.15
0.5250518447025416,2.071822600906658,0.11248377503244994,19,500000,1.0,2.0,3.0,0.0,0.05,local,local,"(5, 5)",25,0.5,0.5,0.0,6.0,6.0,0.2,0.15,0.3,0.2,0.03,0.1,0.15
0.5434719194893641,3.0375260099017005,0.11254177491645016,20,500000,1.0,2.0,3.0,0.0,0.05,local,local,"(5, 5)",25,0.5,0.5,0.0,6.0,6.0,0.2,0.15,0.3,0.2,0.03,0.1,0.15
0.5672597272358764,4.962229768905823,0.14396371207257586,21,500000,1.0,2.0,3.0,0.0,0.05,local,local,"(5, 5)",25,0.5,0.5,0.0,6.0,6.0,0.2,0.15,0.3,0.2,0.03,0.1,0.15
0.5305439199220991,1.8278548680618745,0.0994498011003978,22,500000,1.0,2.0,3.0,0.0,0.05,local,local,"(5, 5)",25,0.5,0.5,0.0,6.0,6.0,0.2,0.15,0.3,0.2,0.03,0.1,0.15
0.536953123200311,2.6085918854415278,0.09374381251237499,23,500000,1.0,2.0,3.0,0.0,0.05,local,local,"(5, 5)",25,0.5,0.5,0.0,6.0,6.0,0.2,0.15,0.3,0.2,0.03,0.1,0.15
0.5491527219320348,3.3905362338921985,0.12674574650850698,24,500000,1.0,2.0,3.0,0.0,0.05,local,local,"(5, 5)",25,0.5,0.5,0.0,6.0,6.0,0.2,0.15,0.3,0.2,0.03,0.1,0.15
0.527637378929915,1.8557243869414772,0.11389177221645558,25,500000,1.0,2.0,3.0,0.0,0.05,local,local,"(5, 5)",25,0.5,0.5,0.0,6.0,6.0,0.2,0.15,0.3,0.2,0.03,0.1,0.15
0.546610809707023,2.5945896877269425,0.11879376241247519,26,500000,1.0,2.0,3.0,0.0,0.05,local,local,"(5, 5)",25,0.5,0.5,0.0,6.0,6.0,0.2,0.15,0.3,0.2,0.03,0.1,0.15
0.5363204946022178,1.8069431500465982,0.1204737590524819,27,500000,1.0,2.0,3.0,0.0,0.05,local,local,"(5, 5)",25,0.5,0.5,0.0,6.0,6.0,0.2,0.15,0.3,0.2,0.03,0.1,0.15
0.5245238212693369,1.8547333778989046,0.11103177793644411,28,500000,1.0,2.0,3.0,0.0,0.05,local,local,"(5, 5)",25,0.5,0.5,0.0,6.0,6.0,0.2,0.15,0.3,0.2,0.03,0.1,0.15
0.527034760362917,1.8681987157823587,0.10184379631240736,29,500000,1.0,2.0,3.0,0.0,0.05,local,local,"(5, 5)",25,0.5,0.5,0.0,6.0,6.0,0.2,0.15,0.3,0.2,0.03,0.1,0.15
0.5377433036929202,2.700062792157957,0.10606578786842426,30,500000,1.0,2.0,3.0,0.0,0.05,local,local,"(5, 5)",25,0.5,0.5,0.0,6.0,6.0,0.2,0.15,0.3,0.2,0.03,0.1,0.15
0.5370683085350102,2.3454619077919827,0.11566576866846266,31,500000,1.0,2.0,3.0,0.0,0.05,local,local,"(5, 5)",25,0.5,0.5,0.0,6.0,6.0,0.2,0.15,0.3,0.2,0.03,0.1,0.15
0.5302939001581395,2.096516474791584,0.12480175039649921,32,500000,1.0,2.0,3.0,0.0,0.05,local,local,"(5, 5)",25,0.5,0.5,0.0,6.0,6.0,0.2,0.15,0.3,0.2,0.03,0.1,0.15
0.5226632584901839,1.653727594474255,0.09297581404837191,33,500000,1.0,2.0,3.0,0.0,0.05,local,local,"(5, 5)",25,0.5,0.5,0.0,6.0,6.0,0.2,0.15,0.3,0.2,0.03,0.1,0.15
0.5687153687536325,4.910590904403423,0.11462977074045852,34,500000,1.0,2.0,3.0,0.0,0.05,local,local,"(5, 5)",25,0.5,0.5,0.0,6.0,6.0,0.2,0.15,0.3,0.2,0.03,0.1,0.15
0.5465171303645141,3.6304729828671842,0.12648574702850596,35,500000,1.0,2.0,3.0,0.0,0.05,local,local,"(5, 5)",25,0.5,0.5,0.0,6.0,6.0,0.2,0.15,0.3,0.2,0.03,0.1,0.15
0.5353674206084444,2.3784085206044723,0.12116975766048468,36,500000,1.0,2.0,3.0,0.0,0.05,local,local,"(5, 5)",25,0.5,0.5,0.0,6.0,6.0,0.2,0.15,0.3,0.2,0.03,0.1,0.15
0.5514846115903992,3.1664342448311404,0.13743372513254973,37,500000,1.0,2.0,3.0,0.0,0.05,local,local,"(5, 5)",25,0.5,0.5,0.0,6.0,6.0,0.2,0.15,0.3,0.2,0.03,0.1,0.15
0.5247096144742921,1.5545773920231452,0.12361575276849446,38,500000,1.0,2.0,3.0,0.0,0.05,local,local,"(5, 5)",25,0.5,0.5,0.0,6.0,6.0,0.2,0.15,0.3,0.2,0.03,0.1,0.15
0.5424992075439297,3.6693643567695156,0.11077577844844311,39,500000,1.0,2.0,3.0,0.0,0.05,local,local,"(5, 5)",25,0.5,0.5,0.0,6.0,6.0,0.2,0.15,0.3,0.2,0.03,0.1,0.15
0.5352391121792568,2.9300488653859027,0.11742176515646968,40,500000,1.0,2.0,3.0,0.0,0.05,local,local,"(5, 5)",25,0.5,0.5,0.0,6.0,6.0,0.2,0.15,0.3,0.2,0.03,0.1,0.15
0.5167382332602388,1.528504694090435,0.111501776996446,41,500000,1.0,2.0,3.0,0.0,0.05,local,local,"(5, 5)",25,0.5,0.5,0.0,6.0,6.0,0.2,0.15,0.3,0.2,0.03,0.1,0.15
0.5432432835271142,2.964581818181818,0.1090257819484361,42,500000,1.0,2.0,3.0,0.0,0.05,local,local,"(5, 5)",25,0.5,0.5,0.0,6.0,6.0,0.2,0.15,0.3,0.2,0.03,0.1,0.15
0.5502627583507849,2.9904649866881305,0.1288997422005156,43,500000,1.0,2.0,3.0,0.0,0.05,local,local,"(5, 5)",25,0.5,0.5,0.0,6.0,6.0,0.2,0.15,0.3,0.2,0.03,0.1,0.15
0.5321385006884263,2.3868684139421776,0.12534774930450138,44,500000,1.0,2.0,3.0,0.0,0.05,local,local,"(5, 5)",25,0.5,0.5,0.0,6.0,6.0,0.2,0.15,0.3,0.2,0.03,0.1,0.15
0.5338020641355026,1.8195648078372266,0.11972976054047892,45,500000,1.0,2.0,3.0,0.0,0.05,local,local,"(5, 5)",25,0.5,0.5,0.0,6.0,6.0,0.2,0.15,0.3,0.2,0.03,0.1,0.15
0.5391219637625863,1.7160649138256385,0.12953974092051815,46,500000,1.0,2.0,3.0,0.0,0.05,local,local,"(5, 5)",25,0.5,0.5,0.0,6.0,6.0,0.2,0.15,0.3,0.2,0.03,0.1,0.15
0.5417378356507577,2.611494541347722,0.11511976976046048,47,500000,1.0,2.0,3.0,0.0,0.05,local,local,"(5, 5)",25,0.5,0.5,0.0,6.0,6.0,0.2,0.15,0.3,0.2,0.03,0.1,0.15
0.5354382641380011,2.436489071830251,0.1185517628964742,48,500000,1.0,2.0,3.0,0.0,0.05,local,local,"(5, 5)",25,0.5,0.5,0.0,6.0,6.0,0.2,0.15,0.3,0.2,0.03,0.1,0.15
0.5336950881398912,1.9322986042740486,0.10126379747240505,49,500000,1.0,2.0,3.0,0.0,0.05,local,local,"(5, 5)",25,0.5,0.5,0.0,6.0,6.0,0.2,0.15,0.3,0.2,0.03,0.1,0.15
0.5336859528418785,2.391734882492738,0.10275579448841102,50,500000,1.0,2.0,3.0,0.0,0.05,local,local,"(5, 5)",25,0.5,0.5,0.0,6.0,6.0,0.2,0.15,0.3,0.2,0.03,0.1,0.15
